brand,product_brand_id
Skajo,1
Wordpedia,2
Riffpedia,3
Flipstorm,4
Zazio,5
Quatz,6
Jaxworks,7
Aibox,8
Dabtype,9
Skimia,10
Roombo,11
Miboo,12
Avamba,13
Babbleblab,14
Photofeed,15
Devpoint,16
BlogXS,17
Gigabox,18
Twinder,19
Cogidoo,20
Wikibox,21
Rhyzio,22
Myworks,23
Mymm,24
Tagchat,25
Avavee,26
Edgeclub,27
Blognation,28
Twimm,29
Wordware,30
LiveZ,31
Kwimbee,32
Jaloo,33
Bluezoom,34
Ainyx,35
Viva,36
Lajo,37
Flashpoint,38
Podcat,39
Voonyx,40
Twitterlist,41
Divanoodle,42
Zoomlounge,43
Shuffledrive,44
Riffpath,45
Photobean,46
Jabbertype,47
Wikizz,48
Twinte,49
Edgeblab,50
Omba,51
Meejo,52
Tekfly,53
Aivee,54
Yakijo,55
Skippad,56
Linktype,57
Tanoodle,58
Meetz,59
Bubblemix,60
Vinte,61
Livepath,62
Linklinks,63
Youopia,64
Twimbo,65
Browsecat,66
Topicware,67
Youbridge,68
Ozu,69
Pixope,70
Skalith,71
DabZ,72
Twiyo,73
Realbridge,74
Quaxo,75
Flipopia,76
Jabberbean,77
Zoovu,78
Cogilith,79
Vimbo,80
Thoughtstorm,81
Edgetag,82
Eidel,83
Skyndu,84
Yodo,85
Oyope,86
Mynte,87
Meevee,88
Rhynyx,89
Dabshots,90
Feednation,91
Tagcat,92
Shuffletag,93
Browsedrive,94
Quimm,95
Skibox,96
Thoughtmix,97
Cogibox,98
Kanoodle,99
Gabtype,100
Edgeify,101
Wordtune,102
Abata,103
Plajo,104
Riffwire,105
Meeveo,106
Tambee,107
Bluejam,108
Tazz,109
Quinu,110
Babbleopia,111
Jabbersphere,112
Layo,113
Demivee,114
Demimbu,115
Voonix,116
Skaboo,117
Babbleset,118
Feedbug,119
Vipe,120
Brightbean,121
Tagtune,122
Kazio,123
Eayo,124
Abatz,125
Plambee,126
Oyoloo,127
Nlounge,128
Browseblab,129
Linkbridge,130
Livetube,131
Oloo,132
Muxo,133
Thoughtbridge,134
Tagfeed,135
Demizz,136
Npath,137
Buzzster,138
Kayveo,139
Gabcube,140
Gabtune,141
Oba,142
Zava,143
Kimia,144
Eire,145
Aimbu,146
Rhycero,147
Lazzy,148
Shufflebeat,149
Kwinu,150
Chatterpoint,151
Aimbo,152
Photolist,153
Gevee,154
Rooxo,155
Talane,156
Voonder,157
Flashspan,158
Blogtag,159
Skilith,160
Tazzy,161
Dabjam,162
Janyx,163
Camido,164
Voomm,165
Gabspot,166
Agivu,167
Yotz,168
Mita,169
Izio,170
Leenti,171
Photobug,172
Realfire,173
Midel,174
Dabvine,175
Fivebridge,176
Twitterbridge,177
Reallinks,178
Jayo,179
Jaxnation,180
Vidoo,181
Flipbug,182
Fivespan,183
Yoveo,184
Yambee,185
Devshare,186
Meemm,187
Thoughtsphere,188
Fivechat,189
Jabbercube,190
Feedmix,191
Oyoba,192
Yakidoo,193
Ntags,194
Jaxspan,195
Tagpad,196
Yabox,197
Trupe,198
Skivee,199
Buzzshare,200
Yombu,201
Youspan,202
Brainbox,203
Skinix,204
Devbug,205
Ntag,206
Tagopia,207
Yadel,208
Innojam,209
Yata,210
Thoughtworks,211
Quimba,212
Meembee,213
Rhybox,214
Brainsphere,215
Twitterbeat,216
Skiba,217
Zoonoodle,218
Fanoodle,219
Ooba,220
Kaymbo,221
Avamm,222
Zoomdog,223
Fadeo,224
Eamia,225
Feedfish,226
Bubbletube,227
Jabberstorm,228
Pixoboo,229
Oodoo,230
Bubblebox,231
Topiclounge,232
Brightdog,233
Gabvine,234
Zoombox,235
Twitterwire,236
Trudeo,237
Katz,238
Blogtags,239
Yodoo,240
Youfeed,241
Brainverse,242
Roodel,243
Trunyx,244
Buzzbean,245
Fliptune,246
Latz,247
Kwilith,248
Oyondu,249
Topdrive,250
Dynazzy,251
Oyoyo,252
Meedoo,253
Camimbo,254
Mydo,255
Vinder,256
Realcube,257
Oyonder,258
Voonte,259
Skinte,260
Quire,261
Zooveo,262
Youtags,263
Zoonder,264
Topicstorm,265
Minyx,266
Skinder,267
Pixonyx,268
Ailane,269
Flashset,270
Rhynoodle,271
Jatri,272
Dynabox,273
Thoughtbeat,274
Jaxbean,275
Feedspan,276
Brainlounge,277
Centizu,278
Rhyloo,279
Mydeo,280
Mybuzz,281
Yodel,282
Skipstorm,283
Innotype,284
Kare,285
InnoZ,286
Jamia,287
Jetwire,288
Babblestorm,289
Divavu,290
Buzzdog,291
Zoomcast,292
Kamba,293
Linkbuzz,294
Voolith,295
Eadel,296
Vitz,297
Topiczoom,298
Divape,299
Roomm,300
Kwideo,301
Devpulse,302
Wikido,303
Quamba,304
Teklist,305
Meezzy,306
Agimba,307
Skipfire,308
Mycat,309
Trilith,310
Digitube,311
Yamia,312
Mudo,313
Feedfire,314
Devify,315
Geba,316
Gigazoom,317
Realmix,318
Chatterbridge,319
Realpoint,320
Skiptube,321
Topicshots,322
Browsetype,323
Zoozzy,324
Skyba,325
Yacero,326
JumpXS,327
Blogpad,328
Dazzlesphere,329
Skynoodle,330
Fatz,331
Lazz,332
Dablist,333
Topicblab,334
Realbuzz,335
Snaptags,336
Tavu,337
Dynava,338
Eare,339
Eabox,340
Gigaclub,341
Jazzy,342
Shufflester,343
Yozio,344
Yakitri,345
Gigashots,346
Zoombeat,347
Fiveclub,348
Trilia,349
Wikivu,350
Thoughtblab,351
Jetpulse,352
Kazu,353
Wordify,354
Skyvu,355
Edgewire,356
Zooxo,357
Centimia,358
Flashdog,359
Browsezoom,360
Einti,361
Livefish,362
Twitternation,363
Realblab,364
Voolia,365
Browsebug,366
Twitterworks,367
Blogspan,368
Eimbee,369
Centidel,370
Photojam,371
Leexo,372
Trudoo,373
Dabfeed,374
Zoomzone,375
Avaveo,376
Edgepulse,377
Photospace,378
Devcast,379
Eazzy,380
Oozz,381
Skyble,382
Skidoo,383
